guide_id	spacer	targeting	type	guide_chr	guide_start	guide_end	strand	pam	genomic_element	intended_target_name	intended_target_chr	intended_target_start	intended_target_end	putative_target_genes	reporter	imperfect
AHR.5	ATTCCATTCCGTCTTCCTTG	TRUE	targeting	chr7	17298514	17298533	-	AAT	tss	ENSG00000106546.14	chr7	16916359	16916360			
AHRR.5	CGGCCCTGGATGCTGCGGGG	TRUE	targeting	chr5	321649	321668	+	GGG	tss	ENSG00000063438.20	chr5	321714	321715			
ASCL1.1	AGCCGCTCGCTGCAGCAGCG	TRUE	targeting	chr12	102957573	102957592	+	GCG	tss	ENSG00000139352.4	chr12	102957674	102957675			
ASCL1.2	CTCCCCGCTGCTGCAGCGAG	TRUE	targeting	chr12	102957578	102957597	-	GAG	tss	ENSG00000139352.4	chr12	102957674	102957675			
ASCL1.3	GGAGGGGGAGTTTAGGGAGT	TRUE	targeting	chr12	102957509	102957528	+	AGT	tss	ENSG00000139352.4	chr12	102957674	102957675			
ASCL1.4	GCAGCCGCTCGCTGCAGCAG	TRUE	targeting	chr12	102957571	102957590	+	CAG	tss	ENSG00000139352.4	chr12	102957674	102957675			
ASCL1.5	GCTGCAGCAGCGGGGAGTGG	TRUE	targeting	chr12	102957581	102957600	+	TGG	tss	ENSG00000139352.4	chr12	102957674	102957675			
ASCL1.6	GGAGGAAGAGGTAAGAGGAG	TRUE	targeting	chr12	102957534	102957553	+	GAG	tss	ENSG00000139352.4	chr12	102957674	102957675			
ATF4.4	CGGTTGGGGCGTCAAAGGGA	TRUE	targeting	chr22	39520425	39520444	+	GGA	tss	ENSG00000128272.19	chr22	39519695	39519696			
ATF5.6	CTCGCGCGGCCCCAACCGGG	TRUE	targeting	chr19	49929107	49929126	-	GAG	tss	ENSG00000169136.13	chr19	49928702	49928703			
ATOH1.1	GAAGACACGCGACCGGCGCG	TRUE	targeting	chr4	93828653	93828672	+	GCG	tss	ENSG00000172238.6	chr4	93828753	93828754			
ATOH1.2	GTGTCTTCTCAGCCAATGGA	TRUE	targeting	chr4	93828641	93828660	-	CAC	tss	ENSG00000172238.6	chr4	93828753	93828754			
ATOH1.3	TGGCTGAGAAGACACGCGAC	TRUE	targeting	chr4	93828646	93828665	+	GAC	tss	ENSG00000172238.6	chr4	93828753	93828754			
ATOH1.4	ACACGCGACCGGCGCGAGGA	TRUE	targeting	chr4	93828657	93828676	+	GGA	tss	ENSG00000172238.6	chr4	93828753	93828754			
ATOH1.5	CACGCGACCGGCGCGAGGAG	TRUE	targeting	chr4	93828658	93828677	+	GAG	tss	ENSG00000172238.6	chr4	93828753	93828754			
ATOH1.6	GACACGCGACCGGCGCGAGG	TRUE	targeting	chr4	93828656	93828675	+	AGG	tss	ENSG00000172238.6	chr4	93828753	93828754			
ATOH7.1	CTCCCCGCAGTTCCCAGGGT	TRUE	targeting	chr10	68232217	68232236	-	GAG	tss	ENSG00000179774.9	chr10	68232112	68232113			
ATOH7.2	GGTGCTGAGATAGAAGCCGA	TRUE	targeting	chr10	68232192	68232211	-	ACC	tss	ENSG00000179774.9	chr10	68232112	68232113			
ATOH7.3	TTCCTACCCTGGGAACTGCG	TRUE	targeting	chr10	68232212	68232231	+	GCG	tss	ENSG00000179774.9	chr10	68232112	68232113			
ATOH7.4	AGGTGCTGAGATAGAAGCCG	TRUE	targeting	chr10	68232193	68232212	-	CCT	tss	ENSG00000179774.9	chr10	68232112	68232113			
ATOH7.5	CCTTCCTACCCTGGGAACTG	TRUE	targeting	chr10	68232210	68232229	+	CTG	tss	ENSG00000179774.9	chr10	68232112	68232113			
ATOH7.6	CTACCCTGGGAACTGCGGGG	TRUE	targeting	chr10	68232215	68232234	+	GGG	tss	ENSG00000179774.9	chr10	68232112	68232113			
BACH1.5	CAGAGCGGCGCAGAAGGGAG	TRUE	targeting	chr21	29298829	29298848	+	GAG	tss	ENSG00000156273.16	chr21	29194071	29194072			
BARX1.1	AACCCCTAGGCTGAGCCGGA	TRUE	targeting	chr9	93955440	93955459	+	GGA	tss	ENSG00000131668.14	chr9	93955354	93955355			
BCL11A.6	CCAATGGCCAGTGCGGGGAG	TRUE	targeting	chr2	60553763	60553782	+	GAG	tss	ENSG00000119866.22	chr2	60554466	60554467			
BCL11B.2	GACCCTTCCGAGGCTCTGGG	TRUE	targeting	chr14	99271936	99271955	+	GGG	tss	ENSG00000127152.18	chr14	99272196	99272197			
BNC2.1	AATCAGTCACCTGAGCGCAG	TRUE	targeting	chr9	16870845	16870864	-	ATT	tss	ENSG00000173068.19	chr9	16870842	16870843			
CIC.2	CCCGCCGGACTCCGCGAGGG	TRUE	targeting	chr19	42284353	42284372	+	GGG	tss	ENSG00000079432.9	chr19	42268537	42268538			
DACH2.2	GCCATGGCAACTGATGCAGG	TRUE	targeting	chrX	86714604	86714623	-	GGC	tss	ENSG00000126733.22	chrX	86148451	86148452			
DLX1.1	CCCGGGGCTCTCCGCGCATG	TRUE	targeting	chr2	172084629	172084648	+	ATG	tss	ENSG00000144355.15	chr2	172084740	172084741			
DLX1.2	CCTTCTCCACTCCCCATGCG	TRUE	targeting	chr2	172084643	172084662	-	AGG	tss	ENSG00000144355.15	chr2	172084740	172084741			
DLX1.3	CGCGCATGGGGAGTGGAGAA	TRUE	targeting	chr2	172084641	172084660	+	GAA	tss	ENSG00000144355.15	chr2	172084740	172084741			
DLX1.4	CCGCGCATGGGGAGTGGAGA	TRUE	targeting	chr2	172084640	172084659	+	AGA	tss	ENSG00000144355.15	chr2	172084740	172084741			
DLX1.5	GCCCGGGGCTCTCCGCGCAT	TRUE	targeting	chr2	172084628	172084647	+	CAT	tss	ENSG00000144355.15	chr2	172084740	172084741			
DLX1.6	GGGAAAGAGGATGTGTGTGT	TRUE	targeting	chr2	172084689	172084708	+	TGT	tss	ENSG00000144355.15	chr2	172084740	172084741			
DLX2.1	AACAGCCAATCAGAAGCAAA	TRUE	targeting	chr2	172102968	172102987	+	AAA	tss	ENSG00000115844.11	chr2	172102899	172102900			
DLX2.2	CGGGCGTTCCCGGAGCTCCG	TRUE	targeting	chr2	172102994	172103013	-	CCG	tss	ENSG00000115844.11	chr2	172102899	172102900			
DLX2.3	GCGTCACATGGTGGGCGCTG	TRUE	targeting	chr2	172103026	172103045	+	CTG	tss	ENSG00000115844.11	chr2	172102899	172102900			
DLX2.4	AGGGGCGGGCGTCACATGGT	TRUE	targeting	chr2	172103018	172103037	+	GGT	tss	ENSG00000115844.11	chr2	172102899	172102900			
DLX2.5	GCCAAGGGGCGGGCGTCACA	TRUE	targeting	chr2	172103014	172103033	+	ACA	tss	ENSG00000115844.11	chr2	172102899	172102900			
DLX2.6	TCCGGGAACGCCCGGCCAAG	TRUE	targeting	chr2	172103000	172103019	+	AAG	tss	ENSG00000115844.11	chr2	172102899	172102900			
DLX5.1	ACAAAGCATTGCTTAAAAAG	TRUE	targeting	chr7	97024964	97024983	+	AAG	tss	ENSG00000105880.7	chr7	97024949	97024950			
DLX5.2	CAAAGCATTGCTTAAAAAGG	TRUE	targeting	chr7	97024965	97024984	+	AGG	tss	ENSG00000105880.7	chr7	97024949	97024950			
DLX5.3	GGGTGTTACTGTTGCTCCCG	TRUE	targeting	chr7	97024918	97024937	-	CCC	tss	ENSG00000105880.7	chr7	97024949	97024950			
DLX5.4	AAAACTAGTTGGACGAGTTA	TRUE	targeting	chr7	97024938	97024957	-	TTT	tss	ENSG00000105880.7	chr7	97024949	97024950			
DLX5.5	AACAAAGCATTGCTTAAAAA	TRUE	targeting	chr7	97024963	97024982	+	AAA	tss	ENSG00000105880.7	chr7	97024949	97024950			
DLX5.6	GGATCTGGTTCTATTGGCCA	TRUE	targeting	chr7	97024892	97024911	+	CCA	tss	ENSG00000105880.7	chr7	97024949	97024950			
DMRT1.5	GCGTGGCCACGCTCCCTCCC	TRUE	targeting	chr9	841565	841584	+	CCC	tss	ENSG00000137090.12	chr9	841690	841691			
DMRTC2.3	TCGTCTGCCTCGGCTGAGAG	TRUE	targeting	chr19	41844946	41844965	+	GAG	tss	ENSG00000142025.16	chr19	41844743	41844744			
DNMT1.3	GGGATGTACCAAACGGAGAG	TRUE	targeting	chr19	10195025	10195044	+	GAG	tss	ENSG00000130816.17	chr19	10231285	10231286			
E2F7.4	GGCCCCGGCCAATCGTGCGG	TRUE	targeting	chr12	77065643	77065662	+	CGG	tss	ENSG00000165891.16	chr12	77065568	77065569			
EBF3.2	GCCTGCGCCATATATGGGAG	TRUE	targeting	chr10	129964348	129964367	+	GAG	tss	ENSG00000108001.16	chr10	129973052	129973053			
EBF4.3	TGACATCATCGGGGGAGGAG	TRUE	targeting	chr20	2692650	2692669	-	TCA	tss	ENSG00000088881.22	chr20	2692780	2692781			
EN2.5	CGGCCGGACGCGGAGAGGAG	TRUE	targeting	chr7	155458014	155458033	+	GAG	tss	ENSG00000164778.4	chr7	155458129	155458130			
ETS2.5	GACGGCCGAGTGGAGGGGAG	TRUE	targeting	chr21	38805842	38805861	-	GTC	tss	ENSG00000157557.13	chr21	38805183	38805184			
ETV3.5	GAGGTGAGGCTGGGAACCGG	TRUE	targeting	chr1	157138466	157138485	-	CTC	tss	ENSG00000117036.12	chr1	157138473	157138474			
FOSL2.4	AGGAAGAGGCGCGGGAGGGG	TRUE	targeting	chr2	28392710	28392729	-	CCT	tss	ENSG00000075426.12	chr2	28392448	28392449			
FOXA1.6	TGCGGCGGACAAATGGGGAG	TRUE	targeting	chr14	37595314	37595333	-	GCA	tss	ENSG00000129514.8	chr14	37596058	37596059			
FOXD4L4.5	GCCGATCACCTGGCCTGGGG	TRUE	targeting	chr9	65737090	65737109	-	GGC	tss	ENSG00000184659.6	chr9	65737146	65737147			
FOXE1.4	ACAGCTGCTCCTACCTGGGG	TRUE	targeting	chr9	97853101	97853120	+	GGG	tss	ENSG00000178919.9	chr9	97853226	97853227			
FOXF1.2	GTGGCCGCCGATGACGGCAG	TRUE	targeting	chr16	86510404	86510423	+	CAG	tss	ENSG00000103241.7	chr16	86510527	86510528			
FOXF2.1	GCGGGGAGCGAGATAAGAGA	TRUE	targeting	chr6	1389408	1389427	+	AGA	tss	ENSG00000137273.6	chr6	1389576	1389577			
FOXF2.2	GGGAGCGAGATAAGAGAGGG	TRUE	targeting	chr6	1389411	1389430	+	GGG	tss	ENSG00000137273.6	chr6	1389576	1389577			
FOXJ1.5	AGAGTTGCCGCCAGGGAGAG	TRUE	targeting	chr17	76141388	76141407	-	TCT	tss	ENSG00000129654.8	chr17	76141244	76141245			
FOXJ1.6	GCGGAAGCTGTTTATGGGGG	TRUE	targeting	chr17	76141320	76141339	-	CGC	tss	ENSG00000129654.8	chr17	76141244	76141245			
FOXJ2.4	CCTCCCGGCGCGGGTTAAGG	TRUE	targeting	chr12	8032616	8032635	-	AGG	tss	ENSG00000065970.9	chr12	8032716	8032717			
FOXL1.2	CAGAGCCAGAGGCAGAGGCA	TRUE	targeting	chr16	86578604	86578623	+	GCA	tss	ENSG00000176678.6	chr16	86576368	86576369			
FOXN2.3	TCCCGCGACCCCGAGGAAGG	TRUE	targeting	chr2	48314542	48314561	-	GGA	tss	ENSG00000170802.17	chr2	48314637	48314638			
FOXO4.4	CCGATACGGCGGCAGGAGAG	TRUE	targeting	chrX	71095730	71095749	-	CGG	tss	ENSG00000184481.18	chrX	71095851	71095852			
GAD1.1	CACGAGGCCGTTGCTCGCGG	TRUE	targeting	chr2	170816786	170816805	-	GTG	tss	ENSG00000128683.14	chr2	170813213	170813214			
GAD1.2	GGATCGGCGGGGAAATCACG	TRUE	targeting	chr2	170816802	170816821	-	TCC	tss	ENSG00000128683.14	chr2	170813213	170813214			
GAD1.3	TCGCGGGGGCAGCTAGTCGG	TRUE	targeting	chr2	170816772	170816791	-	CGA	tss	ENSG00000128683.14	chr2	170813213	170813214			
GAD1.4	AGGCGGTCAGGCACCTGCAG	TRUE	targeting	chr2	170816734	170816753	+	CAG	tss	ENSG00000128683.14	chr2	170813213	170813214			
GAD1.5	CTAGCTGCCCCCGCGAGCAA	TRUE	targeting	chr2	170816776	170816795	+	CAA	tss	ENSG00000128683.14	chr2	170813213	170813214			
GAD1.6	GGGGCAGCTAGTCGGCGGAG	TRUE	targeting	chr2	170816767	170816786	-	CCC	tss	ENSG00000128683.14	chr2	170813213	170813214			
GCM2.1	CACCACAGTCCCAGGAACGG	TRUE	targeting	chr6	10882149	10882168	+	CGG	tss	ENSG00000124827.7	chr6	10882040	10882041			
GCM2.3	CTCCACCACAGTCCCAGGAA	TRUE	targeting	chr6	10882146	10882165	+	GAA	tss	ENSG00000124827.7	chr6	10882040	10882041			
GCM2.4	AGTCCCAGGAACGGAGGTGG	TRUE	targeting	chr6	10882155	10882174	+	TGG	tss	ENSG00000124827.7	chr6	10882040	10882041			
GLI3.1	GATTTGGTTCAACCGCGGGA	TRUE	targeting	chr7	42237329	42237348	+	GGA	tss	ENSG00000106571.15	chr7	42264099	42264100			
GRHL1.4	CGGCGAGAAGAGCGCCGGGG	TRUE	targeting	chr2	9951553	9951572	-	CCG	tss	ENSG00000134317.18	chr2	9951693	9951694			
GSX2.1	ACTCGGGCAGCCTATCCCGA	TRUE	targeting	chr4	54100046	54100065	+	CGA	tss	ENSG00000180613.11	chr4	54099523	54099524			
HDX.3	GAACCCAAGAGTTGGGAGGG	TRUE	targeting	chrX	84502562	84502581	+	GGG	tss	ENSG00000165259.14	chrX	84502478	84502479			
HHEX.2	CTTCCTGCCGCCGGGCCCTG	TRUE	targeting	chr10	92689842	92689861	-	AAG	tss	ENSG00000152804.11	chr10	92689955	92689956			
HIC2.3	GGTCCCAGCACTAGGCGGGG	TRUE	targeting	chr22	21517650	21517669	+	GGG	tss	ENSG00000169635.10	chr22	21417371	21417372			
HIF1A.2	CAAGCCCGCCTCACCTGAGG	TRUE	targeting	chr14	61695376	61695395	-	TTG	tss	ENSG00000100644.17	chr14	61695513	61695514			
HOXA10.6	CTGAGGGCGCCCTCGGAGAG	TRUE	targeting	chr7	27174432	27174451	-	CAG	tss	ENSG00000253293.6	chr7	27180260	27180261			
HOXA6.5	GGCAGCCGCAGTCAGGAAGG	TRUE	targeting	chr7	27151025	27151044	+	AGG	tss	ENSG00000106006.6	chr7	27150602	27150603			
HOXA7.4	AAGAATCCGCCCGCGCCCGG	TRUE	targeting	chr7	27156792	27156811	+	CGG	tss	ENSG00000122592.8	chr7	27157935	27157936			
HOXD8.2	GCCTCCGCCGGCCTTAAAGG	TRUE	targeting	chr2	176129624	176129643	-	GGC	tss	ENSG00000175879.9	chr2	176129694	176129695			
IKZF1.3	GCCTGGTCTGAGCCGGCTGG	TRUE	targeting	chr7	50304591	50304610	+	TGG	tss	ENSG00000185811.21	chr7	50304068	50304069			
INSM1.5	GCGATGGGGCGGCCAAAAGG	TRUE	targeting	chr20	20367967	20367986	-	CGC	tss	ENSG00000173404.5	chr20	20368104	20368105			
IRF1.5	GGCTGCGTGCCGTCATTTCG	TRUE	targeting	chr5	132490873	132490892	+	TCG	tss	ENSG00000125347.15	chr5	132508718	132508719			
IRF2.2	GCTTGAAACAAACACTGGGG	TRUE	targeting	chr4	184474656	184474675	-	AGC	tss	ENSG00000168310.12	chr4	184474557	184474558			
IRF4.2	CCTCTCCCCAGTCCAACCCC	TRUE	targeting	chr6	391644	391663	+	CCC	tss	ENSG00000137265.16	chr6	391739	391740			
IRF4.3	CGGGGGTTGGACTGGGGAGA	TRUE	targeting	chr6	391646	391665	-	CCG	tss	ENSG00000137265.16	chr6	391739	391740			
IRX5.2	GACTGGCAGGAGCTTCTGGG	TRUE	targeting	chr16	54930771	54930790	-	GTC	tss	ENSG00000176842.16	chr16	54930865	54930866			
ISL1.1	ATTGGTCTGACGCAGCGCGC	TRUE	targeting	chr5	51383358	51383377	-	AAT	tss	ENSG00000016082.15	chr5	51383448	51383449			
ISL1.2	CATTGGTCTGACGCAGCGCG	TRUE	targeting	chr5	51383359	51383378	-	ATG	tss	ENSG00000016082.15	chr5	51383448	51383449			
ISL1.3	TTGGTCTGACGCAGCGCGCG	TRUE	targeting	chr5	51383357	51383376	-	CAA	tss	ENSG00000016082.15	chr5	51383448	51383449			
ISL1.4	ACGCAGCGCGCGGGGACGTC	TRUE	targeting	chr5	51383349	51383368	-	CGT	tss	ENSG00000016082.15	chr5	51383448	51383449			
ISL1.5	CAACTCAGCTCCATCGCCAT	TRUE	targeting	chr5	51383376	51383395	-	TTG	tss	ENSG00000016082.15	chr5	51383448	51383449			
ISL1.6	CTGCGTCAGACCAATGGCGA	TRUE	targeting	chr5	51383363	51383382	+	CGA	tss	ENSG00000016082.15	chr5	51383448	51383449			
KLF10.4	CCTGCCCCGGGGAACTCCAG	TRUE	targeting	chr8	102655933	102655952	+	CAG	tss	ENSG00000155090.15	chr8	102655724	102655725			
LHX6.3	TCCCCCTCCAGCTGCAACGG	TRUE	targeting	chr9	122229045	122229064	+	CGG	tss	ENSG00000106852.16	chr9	122229625	122229626			
LMX1A.1	CCAGAGGCGGAGGGGCTCAG	TRUE	targeting	chr1	165356858	165356877	-	TGG	tss	ENSG00000162761.14	chr1	165356714	165356715			
LMX1A.2	CCTTTCCCAGCCTGGCTGCG	TRUE	targeting	chr1	165356814	165356833	+	GCG	tss	ENSG00000162761.14	chr1	165356714	165356715			
LMX1A.3	GGAGCACCACGGCCCCGCCA	TRUE	targeting	chr1	165356795	165356814	-	TCC	tss	ENSG00000162761.14	chr1	165356714	165356715			
LMX1A.4	AGAGGGCAGCGGCCGTGTGG	TRUE	targeting	chr1	165356840	165356859	-	TCT	tss	ENSG00000162761.14	chr1	165356714	165356715			
LMX1A.5	CTCAGAGGGCAGCGGCCGTG	TRUE	targeting	chr1	165356843	165356862	-	GAG	tss	ENSG00000162761.14	chr1	165356714	165356715			
LMX1A.6	GAGCACCACGGCCCCGCCAC	TRUE	targeting	chr1	165356794	165356813	-	CTC	tss	ENSG00000162761.14	chr1	165356714	165356715			
MAFB.4	CCTGCGCCGCTGGGCCGCGG	TRUE	targeting	chr20	40689336	40689355	-	AGG	tss	ENSG00000204103.4	chr20	40689235	40689236			
MBD1.2	GATGTCGCGTGCCCTTAATA	TRUE	targeting	chr18	50281592	50281611	+	ATA	tss	ENSG00000141644.19	chr18	50281773	50281774			
MBNL2.4	AGGGAGGAGGGCTAGGGAAA	TRUE	targeting	chr13	97141681	97141700	+	AAA	tss	ENSG00000139793.21	chr13	97221434	97221435			
MECOM.5	GCCCCCCGCCGCCCTCCCCG	TRUE	targeting	chr3	169663802	169663821	-	GGC	tss	ENSG00000085276.19	chr3	169663774	169663775			
MITF.3	GCCGAACTACAGATCCCAGG	TRUE	targeting	chr3	69739376	69739395	+	AGG	tss	ENSG00000187098.18	chr3	69739456	69739457			
MIXL1.5	GCTCGCACCCGGAGGAGACA	TRUE	targeting	chr1	226223549	226223568	+	ACA	tss	ENSG00000185155.12	chr1	226223618	226223619			
MTF1.5	GGTTGGCTCAGGTTGTCAGG	TRUE	targeting	chr1	37859678	37859697	+	AGG	tss	ENSG00000188786.10	chr1	37859591	37859592			
MXD3.3	TGAGACCACTCGGGGCGGGG	TRUE	targeting	chr5	177312035	177312054	-	TCA	tss	ENSG00000213347.11	chr5	177312756	177312757			
MXI1.3	GGACCGGTCAAAATAAAAGG	TRUE	targeting	chr10	110207511	110207530	-	TCC	tss	ENSG00000119950.21	chr10	110207605	110207606			
MYT1L.1	AAGCCTAGGAGAGGATGAGT	TRUE	targeting	chr2	2331380	2331399	-	CTT	tss	ENSG00000186487.21	chr2	2331663	2331664			
MYT1L.2	GAGTGGGAGCGTGTGCATGG	TRUE	targeting	chr2	2331364	2331383	-	CTC	tss	ENSG00000186487.21	chr2	2331663	2331664			
MYT1L.3	GCTCCCACTCATCCTCTCCT	TRUE	targeting	chr2	2331374	2331393	+	CCT	tss	ENSG00000186487.21	chr2	2331663	2331664			
MYT1L.4	AAAGCCTAGGAGAGGATGAG	TRUE	targeting	chr2	2331381	2331400	-	TTT	tss	ENSG00000186487.21	chr2	2331663	2331664			
MYT1L.5	GATGAGTGGGAGCGTGTGCA	TRUE	targeting	chr2	2331367	2331386	-	ATC	tss	ENSG00000186487.21	chr2	2331663	2331664			
MYT1L.6	TGAGTGGGAGCGTGTGCATG	TRUE	targeting	chr2	2331365	2331384	-	TCA	tss	ENSG00000186487.21	chr2	2331663	2331664			
NANOG.1	TAGGGGGTGTGCCCGCCAGG	TRUE	targeting	chr12	7789350	7789369	+	AGG	tss	ENSG00000111704.11	chr12	7787794	7787795			
NEUROD1.1	AGAACGGGGAGCGCACAGCC	TRUE	targeting	chr2	181680634	181680653	-	TCT	tss	ENSG00000162992.5	chr2	181680826	181680827			
NEUROD1.2	AGGCGTGGGGAGAAGTGGGG	TRUE	targeting	chr2	181680662	181680681	-	CCT	tss	ENSG00000162992.5	chr2	181680826	181680827			
NEUROD1.3	CACAGCCTGGACGCGTGCGC	TRUE	targeting	chr2	181680621	181680640	-	GTG	tss	ENSG00000162992.5	chr2	181680826	181680827			
NEUROD1.4	CCGCTAGCTGAGGGGCTAGC	TRUE	targeting	chr2	181680580	181680599	+	AGC	tss	ENSG00000162992.5	chr2	181680826	181680827			
NEUROD1.5	TGACGCCTGCGCACGCGTCC	TRUE	targeting	chr2	181680613	181680632	+	TCC	tss	ENSG00000162992.5	chr2	181680826	181680827			
NEUROD1.6	TGGACGCGTGCGCAGGCGTC	TRUE	targeting	chr2	181680614	181680633	-	CCA	tss	ENSG00000162992.5	chr2	181680826	181680827			
NEUROD2.1	ATTGGCATGCGTCTGCACTG	TRUE	targeting	chr17	39608002	39608021	+	CTG	tss	ENSG00000171532.5	chr17	39609776	39609777			
NEUROD2.2	GAGTAGAGAGTGACAGATGG	TRUE	targeting	chr17	39608052	39608071	-	CTC	tss	ENSG00000171532.5	chr17	39609776	39609777			
NEUROD2.3	TTGGAGTAGAGAGTGACAGA	TRUE	targeting	chr17	39608055	39608074	-	CAA	tss	ENSG00000171532.5	chr17	39609776	39609777			
NEUROD2.4	AGAGAGTGACAGATGGCGGC	TRUE	targeting	chr17	39608048	39608067	-	TCT	tss	ENSG00000171532.5	chr17	39609776	39609777			
NEUROD2.6	TAGAGAGTGACAGATGGCGG	TRUE	targeting	chr17	39608049	39608068	-	CTA	tss	ENSG00000171532.5	chr17	39609776	39609777			
NEUROD6.3	GAATGAAGGTCCCAAGAGAG	TRUE	targeting	chr7	31340807	31340826	-	TTC	tss	ENSG00000164600.7	chr7	31340725	31340726			
NEUROG1.3	CCCGGGTGAATGGAGCGAGG	TRUE	targeting	chr5	135536047	135536066	+	AGG	tss	ENSG00000181965.6	chr5	135535963	135535964			
NEUROG1.4	CAGCCCGGGTGAATGGAGCG	TRUE	targeting	chr5	135536044	135536063	+	GCG	tss	ENSG00000181965.6	chr5	135535963	135535964			
NEUROG2.1	AGCCAGAGGAGGGAAAAGCG	TRUE	targeting	chr4	112516298	112516317	-	GCT	tss	ENSG00000178403.4	chr4	112516179	112516180			
NKX1-1.3	TCCACACGACCCCGCGCAGG	TRUE	targeting	chr4	1406516	1406535	+	AGG	tss	ENSG00000235608.2	chr4	1406441	1406442			
NKX2-1.1	GATCCGGGACAGCCTCCGGG	TRUE	targeting	chr14	36520343	36520362	-	ATC	tss	ENSG00000136352.20	chr14	36521148	36521149			
NKX2-1.2	GGGGATCGACTGCCTCCCGG	TRUE	targeting	chr14	36520328	36520347	+	CGG	tss	ENSG00000136352.20	chr14	36521148	36521149			
NKX2-1.3	GTAGGGGATCGACTGCCTCC	TRUE	targeting	chr14	36520325	36520344	+	TCC	tss	ENSG00000136352.20	chr14	36521148	36521149			
NKX2-1.4	AGAGAATCCGAGCGGGCGGA	TRUE	targeting	chr14	36520294	36520313	+	GGA	tss	ENSG00000136352.20	chr14	36521148	36521149			
NKX2-1.5	GAGAATCCGAGCGGGCGGAG	TRUE	targeting	chr14	36520295	36520314	+	GAG	tss	ENSG00000136352.20	chr14	36521148	36521149			
NKX2-1.6	GGGGATCCGGGACAGCCTCC	TRUE	targeting	chr14	36520346	36520365	-	CCC	tss	ENSG00000136352.20	chr14	36521148	36521149			
NO-TARGET.103	ATCTTCTCGACGAAAATGCG	TRUE	targeting	*	0	19	+	GCG	tss							
NO-TARGET.118	ATTGCTCTGTCGCATCAATC	TRUE	targeting	*	0	19	+	ATC	tss							
NO-TARGET.136	CACTTACACATGAGGCGGTA	TRUE	targeting	*	0	19	+	GTA	tss							
NO-TARGET.139	CAGCGGTGCTATTTGGTCTT	TRUE	targeting	*	0	19	+	CTT	tss							
NO-TARGET.165	CCCGATGGACTATACCGAAC	TRUE	targeting	*	0	19	+	AAC	tss							
NO-TARGET.202	CGCTAAATTGTCACACGTTT	TRUE	targeting	*	0	19	+	TTT	tss							
NO-TARGET.232	CTCAACCGACCGTATGGTCA	TRUE	targeting	*	0	19	+	TCA	tss							
NO-TARGET.243	CTGAGTGAAAAATAAAAGTT	TRUE	targeting	chr21	14374285	14374304	+	GTT	tss							
NO-TARGET.263	GAATCGACCGACACTAATGT	TRUE	targeting	*	0	19	+	TGT	tss							
NO-TARGET.280	GAGTTATTTATTCTCTCGAG	TRUE	targeting	*	0	19	+	GAG	tss							
NO-TARGET.32	ACATAGTCGACGGCTCGATT	TRUE	targeting	*	0	19	+	ATT	tss							
NO-TARGET.329	GGCGTCAAAATTAGAAGCCG	TRUE	targeting	*	0	19	+	CCG	tss							
NO-TARGET.386	TAAAGCAGAAGAATATACAG	TRUE	targeting	chr17	48445573	48445592	-	TTA	tss							
NO-TARGET.406	TAGGAGCTGTATCTAGTGGC	TRUE	targeting	*	0	19	+	GGC	tss							
NO-TARGET.407	TAGGGGATTAGCTGACAGTC	TRUE	targeting	*	0	19	+	GTC	tss							
NO-TARGET.421	TCAATTCTCACTCACGACCA	TRUE	targeting	*	0	19	+	CCA	tss							
NO-TARGET.43	ACGTTCGAGTACGACCAGCT	TRUE	targeting	*	0	19	+	GCT	tss							
NO-TARGET.435	TCGGGCAGTGAGTACAATAC	TRUE	targeting	*	0	19	+	TAC	tss							
NO-TARGET.465	TGTAGTCTGGGGTAGACTCC	TRUE	targeting	*	0	19	+	TCC	tss							
NO-TARGET.50	ACTGAGTGGGTAACACGCAT	TRUE	targeting	*	0	19	+	CAT	tss							
NPAS2.1	AGGCGGAGGCAGGCGAGGGG	TRUE	targeting	chr2	100820014	100820033	+	GGG	tss	ENSG00000170485.17	chr2	100820139	100820140			
NPAS2.4	CGGAGGCAGGCGAGGGGAGG	TRUE	targeting	chr2	100820017	100820036	+	AGG	tss	ENSG00000170485.17	chr2	100820139	100820140			
NR2C1.1	CAACGGGGAGAAGCGGCGAG	TRUE	targeting	chr12	95073615	95073634	+	GAG	tss	ENSG00000120798.17	chr12	95073627	95073628			
NR2E1.1	CAGACCCCGCCAGGAGTTGG	TRUE	targeting	chr6	108165972	108165991	+	TGG	tss	ENSG00000112333.12	chr6	108166022	108166023			
NR4A1.1	GTCGAGCTTTGGCCATACAA	TRUE	targeting	chr12	52051342	52051361	-	GAC	tss	ENSG00000123358.20	chr12	52022832	52022833			
NR4A2.1	GAAATATACCAAAGCGAGCG	TRUE	targeting	chr2	156332826	156332845	-	TTC	tss	ENSG00000153234.16	chr2	156342347	156342348			
NR4A2.2	GGCCAGGAGTCCAGGGAGCG	TRUE	targeting	chr2	156332804	156332823	-	GCC	tss	ENSG00000153234.16	chr2	156342347	156342348			
NR4A2.3	GTCCAGGGAGCGCGGCAGCG	TRUE	targeting	chr2	156332796	156332815	-	GAC	tss	ENSG00000153234.16	chr2	156342347	156342348			
NR4A2.4	AAATATACCAAAGCGAGCGC	TRUE	targeting	chr2	156332825	156332844	-	TTT	tss	ENSG00000153234.16	chr2	156342347	156342348			
NR4A2.5	CGCGCGTCAGCGCGCGTCAG	TRUE	targeting	chr2	156332755	156332774	+	CAG	tss	ENSG00000153234.16	chr2	156342347	156342348			
NR4A2.6	GCGGCAGCGCGGCGATTGGG	TRUE	targeting	chr2	156332785	156332804	-	CGC	tss	ENSG00000153234.16	chr2	156342347	156342348			
NR4A3.2	CGAACGCGCAGCCGGGAGAG	TRUE	targeting	chr9	99821880	99821899	+	GAG	tss	ENSG00000119508.18	chr9	99821855	99821856			
OLIG2.4	AACAATGTGCGTGTCCTGGA	TRUE	targeting	chr21	33025835	33025854	-	GTT	tss	ENSG00000205927.5	chr21	33025935	33025936			
OLIG2.5	AATGAGCTGGGCCCGCCGGG	TRUE	targeting	chr21	33025801	33025820	-	ATT	tss	ENSG00000205927.5	chr21	33025935	33025936			
OVOL1.6	TGGGGTGGCCCGGGGAGCGA	TRUE	targeting	chr11	65786938	65786957	-	CCA	tss	ENSG00000172818.10	chr11	65787063	65787064			
PAX7.3	TTATTCATGAGGAGGGAAGG	TRUE	targeting	chr1	18630749	18630768	-	TAA	tss	ENSG00000009709.13	chr1	18630846	18630847			
PAX7.6	GGGGCCAGGGCGCAAGGGAG	TRUE	targeting	chr1	18630730	18630749	-	CCC	tss	ENSG00000009709.13	chr1	18630846	18630847			
PAX9.3	GGGACACGCCCTAAAAGGGG	TRUE	targeting	chr14	36661805	36661824	-	CCC	tss	ENSG00000198807.13	chr14	36657568	36657569			
PAX9.6	CTGGGGACACGCCCTAAAAG	TRUE	targeting	chr14	36661808	36661827	-	CAG	tss	ENSG00000198807.13	chr14	36657568	36657569			
PBX1.1	GAGGACGAGAAGGAGGAGAG	TRUE	targeting	chr1	164559082	164559101	-	CTC	tss	ENSG00000185630.20	chr1	164555584	164555585			
PHOX2A.2	TCTGAGCCCTAAGACGGCGG	TRUE	targeting	chr11	72244318	72244337	-	AGA	tss	ENSG00000165462.5	chr11	72245663	72245664			
PITX1.1	GCGAGCGAGCGAGGGAGCGC	TRUE	targeting	chr5	135034320	135034339	+	CGC	tss	ENSG00000069011.16	chr5	135034812	135034813			
POU2F1.2	GCGCGCGCCCGGGGAGAGGA	TRUE	targeting	chr1	167220766	167220785	+	GGA	tss	ENSG00000143190.23	chr1	167220876	167220877			
POU3F2.1	CCGGCCTGGGAGGTTGCTAG	TRUE	targeting	chr6	98834452	98834471	+	TAG	tss	ENSG00000184486.10	chr6	98834574	98834575			
POU3F2.2	TCCACGTAAATCAAAGGGCG	TRUE	targeting	chr6	98834477	98834496	+	GCG	tss	ENSG00000184486.10	chr6	98834574	98834575			
POU3F2.3	TCCGCGCCCTTTGATTTACG	TRUE	targeting	chr6	98834481	98834500	-	GGA	tss	ENSG00000184486.10	chr6	98834574	98834575			
POU3F2.4	CGGTATCCACGTAAATCAAA	TRUE	targeting	chr6	98834472	98834491	+	AAA	tss	ENSG00000184486.10	chr6	98834574	98834575			
POU3F2.5	GCGGTATCCACGTAAATCAA	TRUE	targeting	chr6	98834471	98834490	+	CAA	tss	ENSG00000184486.10	chr6	98834574	98834575			
POU3F2.6	TCAAAGGGCGCGGAGCCAAT	TRUE	targeting	chr6	98834487	98834506	+	AAT	tss	ENSG00000184486.10	chr6	98834574	98834575			
POU6F1.6	TCCCGCTCGGCCAGGGCCAG	TRUE	targeting	chr12	51218189	51218208	-	GGA	tss	ENSG00000184271.18	chr12	51218061	51218062			
PRDM6.5	AGGCAGGCCAGAAGAAGGGG	TRUE	targeting	chr5	123089042	123089061	-	CCT	tss	ENSG00000061455.11	chr5	123089241	123089242			
RBPJ.5	CGTCTGGCTCTTCGCGGCGG	TRUE	targeting	chr4	26320872	26320891	+	CGG	tss	ENSG00000168214.22	chr4	26163455	26163456			
RFX4.1	ATTCAAAACAGGCCCACAAT	TRUE	targeting	chr12	106582857	106582876	+	AAT	tss	ENSG00000111783.13	chr12	106583004	106583005			
RFX4.2	CGCACTGTGAAGCCCATTGT	TRUE	targeting	chr12	106582872	106582891	-	GCG	tss	ENSG00000111783.13	chr12	106583004	106583005			
RFX4.5	AAAGCCGCCTCCGAAAAGGG	TRUE	targeting	chr12	106582833	106582852	-	TTT	tss	ENSG00000111783.13	chr12	106583004	106583005			
RORA.1	CCCTCCGCTTCCTCCCGGGG	TRUE	targeting	chr15	60592612	60592631	+	GGG	tss	ENSG00000069667.16	chr15	61229301	61229302			
RXRA.5	CGGCGCCGCAGCGCCGCGGT	TRUE	targeting	chr9	134326362	134326381	+	GGT	tss	ENSG00000186350.12	chr9	134317098	134317099			
SALL3.4	CCGCGGCCGCTCGCTCCGGG	TRUE	targeting	chr18	78979716	78979735	+	GGG	tss	ENSG00000256463.10	chr18	78979818	78979819			
SATB1.1	AAGGGATGGGGATTAAAACC	TRUE	targeting	chr3	18425453	18425472	+	ACC	tss	ENSG00000182568.18	chr3	18445620	18445621			
SATB1.2	AGGGATGGGGATTAAAACCC	TRUE	targeting	chr3	18425454	18425473	+	CCC	tss	ENSG00000182568.18	chr3	18445620	18445621			
SATB1.3	ATGGGGATTAAAACCCGGGC	TRUE	targeting	chr3	18425458	18425477	+	GGC	tss	ENSG00000182568.18	chr3	18445620	18445621			
SATB1.4	CGGAGCGGGCGGAAAAGGGA	TRUE	targeting	chr3	18425439	18425458	+	GGA	tss	ENSG00000182568.18	chr3	18445620	18445621			
SATB1.5	GGATTAAAACCCGGGCTGGA	TRUE	targeting	chr3	18425462	18425481	+	GGA	tss	ENSG00000182568.18	chr3	18445620	18445621			
SATB1.6	GGGATTAAAACCCGGGCTGG	TRUE	targeting	chr3	18425461	18425480	+	TGG	tss	ENSG00000182568.18	chr3	18445620	18445621			
SGSM2.5	AGGCCGTGCGCGCCTAGGGG	TRUE	targeting	chr17	2337402	2337421	-	CCT	tss	ENSG00000141258.13	chr17	2337498	2337499			
SIX4.2	GCTATTTCGCATTCAGAGGG	TRUE	targeting	chr14	60724390	60724409	+	GGG	tss	ENSG00000100625.9	chr14	60724350	60724351			
SIX6.6	GGGCGCTGTCGAGCACGGGG	TRUE	targeting	chr14	60509019	60509038	+	GGG	tss	ENSG00000184302.7	chr14	60509146	60509147			
SLC17A6.1	ATTGGAAGGGGAGGATCCGG	TRUE	targeting	chr11	22338259	22338278	-	AAT	tss	ENSG00000091664.9	chr11	22338381	22338382			
SLC17A6.2	CCGCATCTACCCAAATACCG	TRUE	targeting	chr11	22338215	22338234	+	CCG	tss	ENSG00000091664.9	chr11	22338381	22338382			
SLC17A6.3	GAAAGTCTCATTGGAAGGGG	TRUE	targeting	chr11	22338268	22338287	-	TTC	tss	ENSG00000091664.9	chr11	22338381	22338382			
SLC17A6.4	AAAGAGCGCAAGCAGTGCCA	TRUE	targeting	chr11	22338235	22338254	-	TTT	tss	ENSG00000091664.9	chr11	22338381	22338382			
SLC17A6.5	ATCAGAAAGTCTCATTGGAA	TRUE	targeting	chr11	22338272	22338291	-	GAT	tss	ENSG00000091664.9	chr11	22338381	22338382			
SLC17A6.6	TCAGAAAGTCTCATTGGAAG	TRUE	targeting	chr11	22338271	22338290	-	TGA	tss	ENSG00000091664.9	chr11	22338381	22338382			
SLC17A7.1	GAGGATGAAAGGGCTGCGAG	TRUE	targeting	chr19	49441635	49441654	-	CTC	tss	ENSG00000104888.10	chr19	49442359	49442360			
SLC17A7.2	GGGGCGGGTCTGACAGACGA	TRUE	targeting	chr19	49441613	49441632	-	CCC	tss	ENSG00000104888.10	chr19	49442359	49442360			
SLC17A7.3	GGTCTTGGAAGGCTCAGGAG	TRUE	targeting	chr19	49441665	49441684	-	ACC	tss	ENSG00000104888.10	chr19	49442359	49442360			
SLC17A7.4	GATGAAAGGGCTGCGAGAGG	TRUE	targeting	chr19	49441632	49441651	-	ATC	tss	ENSG00000104888.10	chr19	49442359	49442360			
SLC17A7.5	GGATGAAAGGGCTGCGAGAG	TRUE	targeting	chr19	49441633	49441652	-	TCC	tss	ENSG00000104888.10	chr19	49442359	49442360			
SLC17A7.6	GTGGTCTTGGAAGGCTCAGG	TRUE	targeting	chr19	49441667	49441686	-	CAC	tss	ENSG00000104888.10	chr19	49442359	49442360			
SLC6A1.1	AGGGCTATACCCGAGCTGGG	TRUE	targeting	chr3	10992639	10992658	+	GGG	tss	ENSG00000157103.13	chr3	10992186	10992187			
SLC6A1.2	GGCAGGGCTATACCCGAGCT	TRUE	targeting	chr3	10992636	10992655	+	GCT	tss	ENSG00000157103.13	chr3	10992186	10992187			
SLC6A1.3	GGGCAGGGCTATACCCGAGC	TRUE	targeting	chr3	10992635	10992654	+	AGC	tss	ENSG00000157103.13	chr3	10992186	10992187			
SLC6A1.4	GGGCTATACCCGAGCTGGGC	TRUE	targeting	chr3	10992640	10992659	+	GGC	tss	ENSG00000157103.13	chr3	10992186	10992187			
SLC6A1.5	GGGGAGCGCTGGGCGGGGGC	TRUE	targeting	chr3	10992606	10992625	+	GGC	tss	ENSG00000157103.13	chr3	10992186	10992187			
SLC6A1.6	GGGGGCGGGCGGTGCGGGCA	TRUE	targeting	chr3	10992620	10992639	+	GCA	tss	ENSG00000157103.13	chr3	10992186	10992187			
SP100.1	AAAGTATTTAACCTCCTTCT	TRUE	targeting	chr2	230416120	230416139	-	TTT	tss	ENSG00000067066.17	chr2	230415942	230415943			
TBX2.2	GCTCAGGCCAAGCTCCGGCC	TRUE	targeting	chr17	61399748	61399767	-	AGC	tss	ENSG00000121068.14	chr17	61399843	61399844			
TCF12.3	TGCCGGCCCCACTTCCTAGG	TRUE	targeting	chr15	56918557	56918576	+	AGG	tss	ENSG00000140262.18	chr15	56918623	56918624			
TCF12.6	GGCCGGCAGAGGGGGCGGGG	TRUE	targeting	chr15	56918545	56918564	-	GCC	tss	ENSG00000140262.18	chr15	56918623	56918624			
TFAP2D.2	AGCTTTCAGCATCCAGGGAG	TRUE	targeting	chr6	50713422	50713441	+	GAG	tss	ENSG00000008197.5	chr6	50713526	50713527			
TFAP4.5	ATTCCTTACTCCGCGGAAGG	TRUE	targeting	chr16	4273072	4273091	-	AAT	tss	ENSG00000090447.12	chr16	4273074	4273075			
THRA.3	GAGCCCCAGCCGGAGCGGGG	TRUE	targeting	chr5	170862512	170862531	+	GGG	tss	ENSG00000126351.13	chr17	40058290	40058291			
TIGD2.3	TCGCCGGAGTCCCCTCCCCC	TRUE	targeting	chr4	89111436	89111455	+	CCC	tss	ENSG00000180346.5	chr4	89111533	89111534			
TRAFD1.6	GCGCGCCCATTGGCCAGGGG	TRUE	targeting	chr12	112125476	112125495	-	CGC	tss	ENSG00000135148.12	chr12	112125538	112125539			
TRERF1.3	GCCATCGCTTAGAGGGAAGG	TRUE	targeting	chr6	42451908	42451927	+	AGG	tss	ENSG00000124496.13	chr6	42452050	42452051			
VAX2.4	GCCAGGAGCGGGGCCTGAGG	TRUE	targeting	chr2	70900507	70900526	+	AGG	tss	ENSG00000116035.4	chr2	70900576	70900577			
WT1.5	TCAGCAGCCCAAGCCCGGCC	TRUE	targeting	chr11	32435628	32435647	+	GCC	tss	ENSG00000184937.17	chr11	32435563	32435564			
ZBTB5.6	TGCAGCCCAACTGGGAGAGG	TRUE	targeting	chr9	37465484	37465503	-	GCA	tss	ENSG00000168795.5	chr9	37465449	37465450			
ZNF18.5	GCTGCAACGCCAGAGAGAGG	TRUE	targeting	chr17	11997585	11997604	-	AGC	tss	ENSG00000154957.14	chr17	11997474	11997475			
ZNF18.6	TGGGCTGCAACGCCAGAGAG	TRUE	targeting	chr17	11997588	11997607	-	CCA	tss	ENSG00000154957.14	chr17	11997474	11997475			
ZNF273.3	CTGTCATTCAGGGCCTGAGG	TRUE	targeting	chr7	64903145	64903164	+	AGG	tss	ENSG00000198039.12	chr7	64870172	64870173			
ZNF276.6	CCTCGGGCCCGAGAGGGGAG	TRUE	targeting	chr16	89721403	89721422	+	GAG	tss	ENSG00000158805.12	chr16	89720400	89720401			
ZNF280D.1	CAGGGAGCTCGGACACGGGG	TRUE	targeting	chr15	56733652	56733671	-	CTG	tss	ENSG00000137871.21	chr15	56734085	56734086			
ZNF300.4	CATGCTTCTGACGAAAGGGG	TRUE	targeting	chr5	150905162	150905181	+	GGG	tss	ENSG00000145908.14	chr5	150904982	150904983			
ZNF319.6	GGCGGCCAATGCGGGAGGAG	TRUE	targeting	chr16	58000737	58000756	+	GAG	tss	ENSG00000166188.3	chr16	58000671	58000672			
ZNF335.4	AATCGGGTCTCAACAGACTC	TRUE	targeting	chr20	45972300	45972319	+	CTC	tss	ENSG00000198026.8	chr20	45972202	45972203			
ZNF385A.5	CTAAGGAGTTTGGGGGAGGG	TRUE	targeting	chr12	54384809	54384828	-	TAG	tss	ENSG00000161642.18	chr12	54391297	54391298			
ZNF398.5	CCGAAGCCCAAGAGCTGGGG	TRUE	targeting	chr7	149147316	149147335	+	GGG	tss	ENSG00000197024.9	chr7	149126416	149126417			
ZNF442.6	TGTCAATCAGTTCCCTGGGG	TRUE	targeting	chr19	12365768	12365787	-	ACA	tss	ENSG00000198342.10	chr19	12365904	12365905			
ZNF462.2	AGAGCGCGCGAGGGAGAGGG	TRUE	targeting	chr9	106863030	106863049	+	GGG	tss	ENSG00000148143.13	chr9	106863166	106863167			
ZNF483.6	GACCATGCGCAACAGGCAGG	TRUE	targeting	chr9	111525064	111525083	+	AGG	tss	ENSG00000173258.13	chr9	111525159	111525160			
ZNF492.3	TGTCACTCAGGGCCTGAGGG	TRUE	targeting	chr7	64666012	64666031	+	GGG	tss	ENSG00000229676.3	chr19	22634324	22634325			
ZNF559.5	GACACTTGCGCTCTTCGGGG	TRUE	targeting	chr19	9324030	9324049	+	GGG	tss	ENSG00000188321.14	chr19	9323772	9323773			
ZNF577.5	CTCGCAAGTTTCGGGGATGG	TRUE	targeting	chr19	51887940	51887959	+	TGG	tss	ENSG00000161551.15	chr19	51890949	51890950			
ZNF610.2	CGCGCGCGCAGCATAGAGAG	TRUE	targeting	chr19	52336214	52336233	-	GCG	tss	ENSG00000167554.15	chr19	52336243	52336244			
ZNF662.5	TCCTCCTTTCTCGCTCGGGG	TRUE	targeting	chr3	42906066	42906085	-	GGA	tss	ENSG00000182983.15	chr3	42906142	42906143			
ZNF681.5	GTCACTCAGGACCTGAGGGG	TRUE	targeting	chr19	23758996	23759015	-	GAC	tss	ENSG00000196172.9	chr19	23758890	23758891			
ZNF70.6	GTCCTTGTGTCCCGGGGCCC	TRUE	targeting	chr22	23751247	23751266	-	GAC	tss	ENSG00000187792.5	chr22	23751111	23751112			
ZNF701.6	GGGCCTGATCGAGGTAGAGG	TRUE	targeting	chr19	52570205	52570224	-	CCC	tss	ENSG00000167562.14	chr19	52555822	52555823			
ZNF705G.4	GTGTTCCAAATGCAATCAGG	TRUE	targeting	chr8	7362774	7362793	-	CAC	tss	ENSG00000215372.6	chr8	7385557	7385558			
ZNF768.3	GGGCTTCGCGACTACCCCGG	TRUE	targeting	chr16	30526687	30526706	+	CGG	tss	ENSG00000169957.10	chr16	30526820	30526821			
ZNF781.5	CGCAGCCGCCTCCCGACTGG	TRUE	targeting	chr19	37692378	37692397	+	TGG	tss	ENSG00000196381.13	chr19	37676392	37676393			
ZNF865.1	CGTGGAGGATCGGAAAGAGG	TRUE	targeting	chr19	55605537	55605556	-	ACG	tss	ENSG00000261221.5	chr19	55605647	55605648			
ZSCAN10.3	TTGGGAGCGGGATGGGAAGA	TRUE	targeting	chr16	3099373	3099392	+	AGA	tss	ENSG00000130182.8	chr16	3099294	3099295			
		TRUE	targeting						tss							
